"Type";"Name";"Count";"TotalTime";"OwnTime";"TotalWaitTime";"OwnWaitTime"
"ISML";"app_storefront_base/default//common/consent";"18";"11438605";"9453095";"2011259";"2001360"
"ISML";"app_storefront_base/default//common/htmlHead";"22";"132910584";"17125995";"70670028";"1890961"
"ISML";"app_storefront_base/default//common/scripts";"44";"5806543";"4233046";"197561";"0"
"ISML";"app_storefront_base/default//components/content/contentAsset";"141";"9839945";"9287350";"1300734";"1300164"
"ISML";"app_storefront_base/default//components/content/offlineContent";"18";"743195";"743195";"3263";"3263"
"ISML";"app_storefront_base/default//components/footer/pageFooter";"22";"16311847";"7332264";"1914553";"650684"
"ISML";"app_storefront_base/default//components/header/countrySelector";"18";"5591518";"5557838";"1028902";"1028052"
"ISML";"app_storefront_base/default//components/header/menu";"18";"12663149";"9186434";"2524";"0"
"ISML";"app_storefront_base/default//components/header/miniCart";"18";"11162302";"7023316";"995092";"999751"
"ISML";"app_storefront_base/default//components/header/mobileCountrySelector";"18";"3774715";"3738734";"3714";"2992"
"ISML";"app_storefront_base/default//components/header/pageHeader";"18";"57442683";"15043364";"23907721";"2632481"
"ISML";"app_storefront_base/default//components/header/pdStorePageHeader";"4";"106296934";"94679359";"8524666";"3970220"
"ISML";"app_storefront_base/default//components/header/skipNav";"22";"3254691";"1421381";"7374";"7144"
"ISML";"app_storefront_base/default//components/modules";"31";"649792";"649792";"6671";"6671"
"ISML";"app_storefront_base/default//components/schema";"22";"2047507";"2047507";"14570";"14570"
"ISML";"app_storefront_base/default//experience/components/commerce_assets/product/pricing/default";"20";"96935628";"93913851";"16195443";"16196265"
"ISML";"app_storefront_base/default//experience/components/commerce_assets/shopTheLook/imageFile";"32";"64649284";"64649284";"1619212";"1619212"
"ISML";"app_storefront_base/default//experience/components/commerce_assets/shopTheLook/titleAndPrice";"32";"93950032";"92352389";"11194673";"11201383"
"ISML";"app_storefront_base/default//product/components/pricing/default";"74";"11595461";"8298330";"20803";"8111"
"ISML";"app_storefront_base/default//product/components/pricing/formatted";"81";"2154579";"2154579";"12134";"12134"
"ISML";"app_storefront_base/default//product/components/pricing/main";"1";"475089";"210444";"678";"154"
"ISML";"app_storefront_base/default//reporting/reporting";"2";"63822264";"63822264";"1482587";"1482587"
"ISML";"app_storefront_base/default//reporting/reportingUrls";"1";"77076431";"77076431";"506169";"506169"
"ISML";"app_storefront_base/default//search/searchRefineBar";"1";"1512447";"434097";"212";"0"
"ISML";"app_storefront_base/default/account/header";"15";"4665075";"3879050";"326461";"321255"
"ISML";"app_storefront_base/default/account/mobileHeader";"15";"3939105";"3358554";"2865";"0"
"ISML";"app_storefront_base/default/cart/cartCouponDisplay";"3";"80133258";"80133258";"215807";"215807"
"ISML";"app_storefront_base/default/cart/cartRemoveProductModal";"1";"61477610";"60986191";"225824";"224976"
"ISML";"app_storefront_base/default/cart/checkoutButtons";"1";"60705455";"60512282";"562983";"562480"
"ISML";"app_storefront_base/default/cart/productCard/cartProductCardAvailability";"1";"82840770";"82840770";"13290350";"13290350"
"ISML";"app_storefront_base/default/checkout/cart/miniCart";"1";"586794772";"82640284";"27347036";"2751563"
"ISML";"app_storefront_base/default/checkout/productCard/productCard";"1";"381292990";"88880590";"23805816";"9657790"
"ISML";"app_storefront_base/default/checkout/productCard/productCardProductNameAndRemove";"1";"62134352";"61925238";"468094";"468631"
"ISML";"app_storefront_base/default/checkout/productCard/productCardProductPromotions";"1";"77353047";"77353047";"365444";"365444"
"ISML";"app_storefront_base/default/checkout/productCard/productCardProductRenderedTotalPrice";"6";"153114573";"90555543";"19899781";"19817018"
"ISML";"app_storefront_base/default/checkout/productCard/productCardProductTotalPrice";"7";"62618281";"62618281";"82893";"82893"
"ISML";"app_storefront_base/default/checkout/productCard/productCardQuantitySelector";"1";"69224485";"68839230";"22986";"19972"
"ISML";"app_storefront_base/default/common/layout/page";"18";"225130208";"31554516";"87940663";"1508175"
"ISML";"app_storefront_base/default/common/layout/pdStorePage";"4";"230384354";"99970122";"31868252";"13068545"
"ISML";"app_storefront_base/default/components/breadcrumbs/pageBreadcrumbs";"8";"2115970";"2054007";"516657";"512189"
"ISML";"app_storefront_base/default/components/content/contentAssetInc";"104";"56788418";"56788418";"14765256";"14765256"
"ISML";"app_storefront_base/default/components/header/menuItem";"18";"1234623";"1234623";"461";"461"
"ISML";"app_storefront_base/default/components/header/search";"44";"12516793";"8723634";"1941121";"1925917"
"ISML";"app_storefront_base/default/error";"4";"15909548";"1587420";"203398";"0"
"ISML";"app_storefront_base/default/experience/components/commerce_assets/campaignBanner";"4";"98404377";"74434807";"19467869";"826954"
"ISML";"app_storefront_base/default/experience/components/commerce_assets/category";"8";"85816470";"85479262";"869595";"864780"
"ISML";"app_storefront_base/default/experience/components/commerce_assets/editorialRichText";"16";"89112620";"89112620";"12672472";"12672472"
"ISML";"app_storefront_base/default/experience/components/commerce_assets/imageAndText";"32";"98706462";"89078233";"1812384";"1276510"
"ISML";"app_storefront_base/default/experience/components/commerce_assets/photoTile";"8";"64186414";"63924329";"3291";"0"
"ISML";"app_storefront_base/default/experience/components/commerce_assets/popularCategory";"24";"69530305";"68764319";"184376";"173814"
"ISML";"app_storefront_base/default/experience/components/commerce_assets/product/pricing/main";"20";"170062209";"73126581";"19275655";"3080212"
"ISML";"app_storefront_base/default/experience/components/commerce_assets/product/productTile";"20";"257565345";"80110218";"20733487";"890029"
"ISML";"app_storefront_base/default/experience/components/commerce_assets/product/remoteProductTile";"20";"73119274";"72328200";"900405";"891871"
"ISML";"app_storefront_base/default/experience/components/commerce_assets/shopTheLook";"16";"244228382";"83984613";"16028413";"3218302"
"ISML";"app_storefront_base/default/experience/components/commerce_assets/shopTheLook/remoteShopTheLook";"20";"72058290";"71267904";"801964";"792359"
"ISML";"app_storefront_base/default/experience/components/commerce_layouts/carousel";"8";"267847307";"85756646";"13728384";"116319"
"ISML";"app_storefront_base/default/experience/components/commerce_layouts/mobileGrid1r1c";"4";"728400648";"127795067";"134300949";"38377837"
"ISML";"app_storefront_base/default/experience/components/commerce_layouts/mobileGrid2r1c";"8";"174767431";"76985066";"4281670";"260150"
"ISML";"app_storefront_base/default/experience/components/commerce_layouts/mobileGrid3r2c";"4";"159457100";"74848640";"8493303";"5883"
"ISML";"app_storefront_base/default/experience/components/commerce_layouts/mobileGridLookBook";"4";"210779225";"95130514";"19202058";"13289735"
"ISML";"app_storefront_base/default/experience/components/commerce_layouts/popularCategories";"4";"189374003";"88587046";"16845241";"12941701"
"ISML";"app_storefront_base/default/experience/pages/storePage";"4";"2140262721";"117951300";"300283603";"25453455"
"ISML";"app_storefront_base/default/home/homePage";"9";"185500903";"10970829";"70418151";"2430516"
"ISML";"app_storefront_base/default/product/components/addToCartButtonExtension";"4";"93371";"93371";"1181";"1181"
"ISML";"app_storefront_base/default/product/components/addToCartProduct";"4";"1526259";"1371118";"1483";"0"
"ISML";"app_storefront_base/default/product/components/attributes";"5";"189642";"189642";"1701";"1701"
"ISML";"app_storefront_base/default/product/components/attributesPre";"1";"78418886";"78361736";"2074621";"2074051"
"ISML";"app_storefront_base/default/product/components/availability";"4";"340298";"271095";"1488";"1435"
"ISML";"app_storefront_base/default/product/components/description";"4";"167053";"167053";"643";"643"
"ISML";"app_storefront_base/default/product/components/descriptionAndDetails";"4";"3600337";"2936905";"3347";"499"
"ISML";"app_storefront_base/default/product/components/details";"4";"178363";"178363";"801";"801"
"ISML";"app_storefront_base/default/product/components/imageCarousel";"4";"1089470";"888583";"10696";"8207"
"ISML";"app_storefront_base/default/product/components/mainAttributes";"4";"141223";"141223";"1361";"1361"
"ISML";"app_storefront_base/default/product/components/options";"1";"74028995";"74028995";"723612";"723612"
"ISML";"app_storefront_base/default/product/components/pidRating";"4";"2440227";"1221135";"121459";"14300"
"ISML";"app_storefront_base/default/product/components/pricing/ajaxMain";"12";"8845546";"3544736";"34279";"15736"
"ISML";"app_storefront_base/default/product/components/pricing/main";"73";"17702479";"6371663";"33225";"12946"
"ISML";"app_storefront_base/default/product/components/productAvailability";"4";"1287194";"946896";"1949";"461"
"ISML";"app_storefront_base/default/product/components/productNumber";"4";"223254";"163654";"994";"914"
"ISML";"app_storefront_base/default/product/components/productRating";"61";"3941985";"3941985";"99785";"99785"
"ISML";"app_storefront_base/default/product/components/productTileImage";"52";"8110832";"5579425";"12932";"23161"
"ISML";"app_storefront_base/default/product/components/productTileName";"57";"2138291";"2138291";"5432";"5432"
"ISML";"app_storefront_base/default/product/components/productTileSwatch";"57";"15038785";"7781654";"301762";"0"
"ISML";"app_storefront_base/default/product/components/promotions";"5";"634491";"634491";"140370";"140370"
"ISML";"app_storefront_base/default/product/components/quantity";"4";"958537";"898227";"0";"0"
"ISML";"app_storefront_base/default/product/components/ratings";"57";"8935948";"5445611";"11866";"20158"
"ISML";"app_storefront_base/default/product/components/socialIcons";"4";"2369644";"1765357";"1747";"0"
"ISML";"app_storefront_base/default/product/components/variationAttribute";"11";"2566637";"2188580";"1328";"0"
"ISML";"app_storefront_base/default/product/gridTile";"57";"163382607";"14375885";"2440636";"0"
"ISML";"app_storefront_base/default/product/productDetails";"4";"67609063";"13822254";"12286289";"0"
"ISML";"app_storefront_base/default/product/productTile";"57";"149006722";"21659968";"2443136";"1020401"
"ISML";"app_storefront_base/default/product/productTileFooter";"57";"20099384";"5399716";"10578";"20416"
"ISML";"app_storefront_base/default/reporting/reportingUrls";"1";"209275";"209275";"0";"0"
"ISML";"app_storefront_base/default/search/components/productTiles";"1";"15660224";"15579771";"12198613";"12187368"
"ISML";"app_storefront_base/default/search/filterBar";"1";"805184";"163282";"382";"582"
"ISML";"app_storefront_base/default/search/productGrid";"1";"16369966";"680081";"12198824";"0"
"ISML";"app_storefront_base/default/search/resultsCount";"2";"2909593";"488469";"1104";"2318"
"ISML";"app_storefront_base/default/search/searchResults";"1";"39230801";"1142581";"21205611";"0"
"ISML";"app_storefront_base/default/search/searchResultsNoDecorator";"1";"21347727";"1297645";"12199460";"0"
"ISML";"app_storefront_base/default/search/sortOrderMenu";"1";"390257";"374197";"406";"306"
"ISML";"app_storefront_base/default/slots/content/contentAssetBody";"45";"230368178";"229606160";"138102227";"138100138"
"ISML";"app_storefront_base/default/slots/content/htmlSlotContainer";"14";"9510626";"2770299";"787320";"6962"
"ISML";"app_storefront_base/default/slots/htmlSlotContainer";"14";"6740327";"6437810";"780358";"779493"
"ISML";"app_storefront_base/default/slots/product/homePageProductSlot";"9";"8270749";"6954591";"413473";"351031"
"ISML";"plugin_wishlists/default/account/header";"3";"95372515";"71000932";"18173822";"1649133"
"ISML";"plugin_wishlists/default/account/mobileHeader";"3";"67721269";"67079477";"1804902";"1803853"
"ISML";"plugin_wishlists/default/product/components/productTileImage";"5";"70506731";"64743322";"1078283";"468231"
"ONREQUEST";"/Sites-Mailchimp-Site/default/Cart-AddProduct";"1";"1591800";"1591800";"935";"935"
"ONREQUEST";"/Sites-Mailchimp-Site/default/Cart-MiniCartShow";"1";"912637";"912637";"394";"394"
"ONREQUEST";"/Sites-Mailchimp-Site/default/Cart-UpdateQuantity";"1";"1656971";"1656971";"336";"336"
"ONREQUEST";"/Sites-Mailchimp-Site/default/Product-Variation";"1";"14711835";"14711835";"8609064";"8609064"
"ONREQUEST";"/Sites-Mailchimp-Site/default/ReportingEvent-MiniCart";"1";"1212082";"1212082";"209";"209"
"ONREQUEST";"/Sites-RefArch-Site/-/null-null";"7";"80326414";"80326414";"46285244";"46285244"
"ONREQUEST";"/Sites-RefArch-Site/default/__Analytics-Start";"1";"919008";"919008";"395";"395"
"ONREQUEST";"/Sites-RefArch-Site/default/__SYSTEM__Page-Info";"1";"2910834";"2910834";"366";"366"
"ONREQUEST";"/Sites-RefArch-Site/default/__SYSTEM__Page-Show";"2";"377358";"377358";"1207";"1207"
"ONREQUEST";"/Sites-RefArch-Site/en_US/ConsentTracking-GetContent";"4";"2804323";"2804323";"1075";"1075"
"ONREQUEST";"/Sites-RefArch-Site/en_US/ConsentTracking-SetConsent";"4";"2862696";"2862696";"837";"837"
"ONREQUEST";"/Sites-RefArch-Site/en_US/Home-Show";"1";"3335308";"3335308";"188";"188"
"ONREQUEST";"/Sites-RefArch-Site/en_US/Product-Show";"4";"5327988";"5327988";"2604";"2604"
"ONREQUEST";"/Sites-RefArch-Site/en_US/Search-Show";"1";"3991152";"3991152";"0";"0"
"ONREQUEST";"/Sites-RefArch-Site/en_US/__Analytics-Start";"12";"20661162";"20661162";"558820";"558820"
"ONREQUEST";"/Sites-RefArchGlobal-Site/-/null-null";"1";"28793885";"28793885";"17880794";"17880794"
"ONREQUEST";"/Sites-RefArchGlobal-Site/default/__Analytics-Start";"1";"5192977";"5192977";"829523";"829523"
"ONREQUEST";"/Sites-RefArchGlobal-Site/default/__SYSTEM__Page-Info";"2";"20394953";"20394953";"11750450";"11750450"
"ONREQUEST";"/Sites-RefArchGlobal-Site/default/__SYSTEM__Page-Show";"2";"2861324";"2861324";"606";"606"
"ONREQUEST";"/Sites-RefArchGlobal-Site/en_GB/ConsentTracking-GetContent";"1";"749543";"749543";"461";"461"
"ONREQUEST";"/Sites-RefArchGlobal-Site/en_GB/ConsentTracking-SetConsent";"1";"1951746";"1951746";"690";"690"
"ONREQUEST";"/Sites-RefArchGlobal-Site/en_GB/__Analytics-Start";"1";"2567488";"2567488";"0";"0"
"PAGE_DESIGNER";"renderScript:pagedesigner:ComponentType:commerce_assets.campaignBanner::app_storefront_base/cartridge/experience/components/commerce_assets/campaignBanner.js";"4";"105067052";"3765100";"21416907";"795208"
"PAGE_DESIGNER";"renderScript:pagedesigner:ComponentType:commerce_assets.category::app_storefront_base/cartridge/experience/components/commerce_assets/category.js";"8";"138398947";"24033353";"22015692";"6394618"
"PAGE_DESIGNER";"renderScript:pagedesigner:ComponentType:commerce_assets.editorialRichText::app_storefront_base/cartridge/experience/components/commerce_assets/editorialRichText.js";"16";"97698383";"5194157";"14873604";"1193945"
"PAGE_DESIGNER";"renderScript:pagedesigner:ComponentType:commerce_assets.imageAndText::app_storefront_base/cartridge/experience/components/commerce_assets/imageAndText.js";"32";"157236712";"19312661";"13018493";"3227801"
"PAGE_DESIGNER";"renderScript:pagedesigner:ComponentType:commerce_assets.mainBanner::app_storefront_base/cartridge/experience/components/commerce_assets/mainBanner.js";"8";"13313159";"9066382";"559991";"539453"
"PAGE_DESIGNER";"renderScript:pagedesigner:ComponentType:commerce_assets.photoTile::app_storefront_base/cartridge/experience/components/commerce_assets/photoTile.js";"8";"78051985";"5002145";"3570074";"772577"
"PAGE_DESIGNER";"renderScript:pagedesigner:ComponentType:commerce_assets.popularCategory::app_storefront_base/cartridge/experience/components/commerce_assets/popularCategory.js";"24";"83991505";"6940003";"3102623";"743059"
"PAGE_DESIGNER";"renderScript:pagedesigner:ComponentType:commerce_assets.productTile::app_storefront_base/cartridge/experience/components/commerce_assets/productTile.js";"20";"83937194";"6824838";"2520763";"645073"
"PAGE_DESIGNER";"renderScript:pagedesigner:ComponentType:commerce_assets.shopTheLook::app_storefront_base/cartridge/experience/components/commerce_assets/shopTheLook.js";"20";"83137891";"7051583";"2240207";"571828"
"PAGE_DESIGNER";"renderScript:pagedesigner:ComponentType:commerce_layouts.carousel::app_storefront_base/cartridge/experience/components/commerce_layouts/carousel.js";"8";"325029948";"12459172";"37284595";"1270807"
"PAGE_DESIGNER";"renderScript:pagedesigner:ComponentType:commerce_layouts.mobileGrid1r1c::app_storefront_base/cartridge/experience/components/commerce_layouts/mobileGrid1r1c.js";"4";"740394042";"5872990";"139430581";"1062922"
"PAGE_DESIGNER";"renderScript:pagedesigner:ComponentType:commerce_layouts.mobileGrid2r1c::app_storefront_base/cartridge/experience/components/commerce_layouts/mobileGrid2r1c.js";"8";"185117366";"5341843";"8193404";"941434"
"PAGE_DESIGNER";"renderScript:pagedesigner:ComponentType:commerce_layouts.mobileGrid3r2c::app_storefront_base/cartridge/experience/components/commerce_layouts/mobileGrid3r2c.js";"4";"167681806";"5211914";"10701412";"1191499"
"PAGE_DESIGNER";"renderScript:pagedesigner:ComponentType:commerce_layouts.mobileGridLookBook::app_storefront_base/cartridge/experience/components/commerce_layouts/mobileGridLookBook.js";"4";"221218311";"4701818";"21570580";"649201"
"PAGE_DESIGNER";"renderScript:pagedesigner:ComponentType:commerce_layouts.popularCategories::app_storefront_base/cartridge/experience/components/commerce_layouts/popularCategories.js";"4";"200158957";"7963596";"22037369";"4309480"
"PAGE_DESIGNER";"renderScript:pagedesigner:PageType:storePage:homepage-example:app_storefront_base/cartridge/experience/pages/storePage.js";"4";"2190795700";"39660873";"320985304";"16322295"
"PAGE_DESIGNER";"renderTotal:pagedesigner:ComponentType:commerce_assets.campaignBanner:";"4";"108913702";"3846650";"21542819";"125912"
"PAGE_DESIGNER";"renderTotal:pagedesigner:ComponentType:commerce_assets.category:";"8";"145399539";"7000592";"23742809";"1727117"
"PAGE_DESIGNER";"renderTotal:pagedesigner:ComponentType:commerce_assets.editorialRichText:";"16";"103261877";"5563494";"14866559";"0"
"PAGE_DESIGNER";"renderTotal:pagedesigner:ComponentType:commerce_assets.imageAndText:";"32";"194407772";"37171060";"22534272";"9515779"
"PAGE_DESIGNER";"renderTotal:pagedesigner:ComponentType:commerce_assets.mainBanner:";"8";"89214266";"75901107";"7571095";"7011104"
"PAGE_DESIGNER";"renderTotal:pagedesigner:ComponentType:commerce_assets.photoTile:";"8";"80360456";"2308471";"3570976";"902"
"PAGE_DESIGNER";"renderTotal:pagedesigner:ComponentType:commerce_assets.popularCategory:";"24";"87102750";"3111245";"3769963";"667340"
"PAGE_DESIGNER";"renderTotal:pagedesigner:ComponentType:commerce_assets.productTile:";"20";"90360895";"6423701";"5917024";"3396261"
"PAGE_DESIGNER";"renderTotal:pagedesigner:ComponentType:commerce_assets.shopTheLook:";"20";"89058273";"5920382";"5086097";"2845890"
"PAGE_DESIGNER";"renderTotal:pagedesigner:ComponentType:commerce_layouts.carousel:";"8";"325950017";"920069";"37282080";"0"
"PAGE_DESIGNER";"renderTotal:pagedesigner:ComponentType:commerce_layouts.mobileGrid1r1c:";"4";"741306400";"912358";"139431368";"787"
"PAGE_DESIGNER";"renderTotal:pagedesigner:ComponentType:commerce_layouts.mobileGrid2r1c:";"8";"185645851";"528485";"8191127";"0"
"PAGE_DESIGNER";"renderTotal:pagedesigner:ComponentType:commerce_layouts.mobileGrid3r2c:";"4";"168012912";"331106";"10699786";"0"
"PAGE_DESIGNER";"renderTotal:pagedesigner:ComponentType:commerce_layouts.mobileGridLookBook:";"4";"221505118";"286807";"21569146";"0"
"PAGE_DESIGNER";"renderTotal:pagedesigner:ComponentType:commerce_layouts.popularCategories:";"4";"200589114";"430157";"22035855";"0"
"PAGE_DESIGNER";"renderTotal:pagedesigner:PageType:storePage:homepage-example:nondynamic";"4";"2193116304";"2320604";"320985452";"148"
"PIPELINE_NODE";"bc_api:Assign";"28";"6152965";"6152965";"447511";"447511"
"REST_BM";"v1/bootstrap";"3";"470103550";"470103550";"16717032";"16717032"
"REST_BM";"v1/experience_editor_configuration";"6";"46654454";"46654454";"5105355";"5105355"
"REST_BM";"v1/experience_editor_token";"3";"16023452";"16023452";"4334256";"4334256"
"REST_BM";"v1/l10n/{application}/{locale}";"30";"94831182";"94831182";"2054931";"2054931"
"REST_BM";"v1/sites/{site_id}/component_types";"2";"446447999";"445403807";"109889855";"109882169"
"REST_BM";"v1/sites/{site_id}/customer_groups";"2";"35261282";"35261282";"19518550";"19518550"
"REST_BM";"v1/sites/{site_id}/page_types";"6";"365593721";"365593721";"28017796";"28017796"
"REST_BM";"v1/sites/{site_id}/pages";"6";"228389346";"228389346";"106817440";"106817440"
"REST_BM";"v1/sites/{site_id}/pages/{page_id}";"4";"860824165";"860824165";"249015756";"249015756"
"REST_BM";"v1/sites/{site_id}/source_codes";"2";"25795634";"25795634";"8774242";"8774242"
"REST_BM";"v1/sites/{site_id}/static_content/root_url";"6";"16306116";"16306116";"1662783";"1662783"
"SCRIPT_API";"dw.campaign.DiscountPlan#getApproachingOrderDiscounts()";"3";"81361";"81361";"0";"0"
"SCRIPT_API";"dw.campaign.DiscountPlan#getApproachingShippingDiscounts(dw.order.Shipment)";"3";"109353";"109353";"91";"91"
"SCRIPT_API";"dw.campaign.Promotion#getID()";"93";"170490";"170490";"3668";"3668"
"SCRIPT_API";"dw.campaign.PromotionMgr#applyDiscounts(dw.order.LineItemCtnr)";"6";"19532086";"19532086";"3257437";"3257437"
"SCRIPT_API";"dw.campaign.PromotionMgr#getActiveCustomerPromotions()";"35";"11273123";"11273123";"0";"0"
"SCRIPT_API";"dw.campaign.PromotionMgr#getDiscounts(dw.order.LineItemCtnr)";"3";"1604880";"1604880";"0";"0"
"SCRIPT_API";"dw.campaign.PromotionPlan#getProductPromotions()";"24";"3615306";"3615306";"0";"0"
"SCRIPT_API";"dw.campaign.PromotionPlan#getProductPromotions(dw.catalog.Product)";"11";"9327503";"9327503";"3579217";"3579217"
"SCRIPT_API";"dw.campaign.SlotContent#getContent()";"68";"506885";"506885";"0";"0"
"SCRIPT_API";"dw.catalog.Catalog#getRoot()";"20";"427626";"427626";"0";"0"
"SCRIPT_API";"dw.catalog.CatalogMgr#getCategory(String)";"11";"187512";"187512";"0";"0"
"SCRIPT_API";"dw.catalog.CatalogMgr#getSiteCatalog()";"20";"540978";"540978";"11703";"11703"
"SCRIPT_API";"dw.catalog.CatalogMgr#getSortingOptions()";"2";"656923";"656923";"344232";"344232"
"SCRIPT_API";"dw.catalog.Category#getDefaultSortingRule()";"4";"836825";"836825";"0";"0"
"SCRIPT_API";"dw.catalog.Category#getDisplayName()";"62";"1571488";"1571488";"0";"0"
"SCRIPT_API";"dw.catalog.Category#getID()";"148";"216036";"216036";"13335";"13335"
"SCRIPT_API";"dw.catalog.Category#getImage()";"10";"386188";"386188";"1725";"1725"
"SCRIPT_API";"dw.catalog.Category#getOnlineSubCategories()";"62";"11982077";"11982077";"6208959";"6208959"
"SCRIPT_API";"dw.catalog.Category#getPageDescription()";"2";"44251";"44251";"0";"0"
"SCRIPT_API";"dw.catalog.Category#getPageKeywords()";"2";"36951";"36951";"0";"0"
"SCRIPT_API";"dw.catalog.Category#getPageTitle()";"2";"60621";"60621";"0";"0"
"SCRIPT_API";"dw.catalog.Category#getParent()";"32";"48161";"48161";"842";"842"
"SCRIPT_API";"dw.catalog.Category#getTemplate()";"1";"3060";"3060";"1";"1"
"SCRIPT_API";"dw.catalog.Category#hasOnlineProducts()";"176";"127948328";"127948328";"102618206";"102618206"
"SCRIPT_API";"dw.catalog.Category#hasOnlineSubCategories()";"150";"2006852";"2006852";"0";"0"
"SCRIPT_API";"dw.catalog.Category#isOnline()";"2";"18550";"18550";"89";"89"
"SCRIPT_API";"dw.catalog.PriceBook#getID()";"197";"337877";"337877";"49497";"49497"
"SCRIPT_API";"dw.catalog.PriceBook#getParentPriceBook()";"182";"441931";"441931";"3613";"3613"
"SCRIPT_API";"dw.catalog.PriceBookMgr#getApplicablePriceBooks()";"36";"438104";"438104";"0";"0"
"SCRIPT_API";"dw.catalog.PriceBookMgr#setApplicablePriceBooks(dw.catalog.PriceBook[])";"72";"984663";"984663";"0";"0"
"SCRIPT_API";"dw.catalog.Product#getAttributeModel()";"5";"2153819";"2153819";"0";"0"
"SCRIPT_API";"dw.catalog.Product#getAvailabilityModel()";"36";"2006370";"2006370";"184642";"184642"
"SCRIPT_API";"dw.catalog.Product#getBrand()";"58";"199860";"199860";"4832";"4832"
"SCRIPT_API";"dw.catalog.Product#getID()";"375";"593023";"593023";"39634";"39634"
"SCRIPT_API";"dw.catalog.Product#getImages(String)";"99";"27008534";"27008534";"114184";"114184"
"SCRIPT_API";"dw.catalog.Product#getLongDescription()";"2";"83451";"83451";"0";"0"
"SCRIPT_API";"dw.catalog.Product#getMinOrderQuantity()";"36";"167004";"167004";"1915";"1915"
"SCRIPT_API";"dw.catalog.Product#getName()";"58";"33629778";"33629778";"27559579";"27559579"
"SCRIPT_API";"dw.catalog.Product#getOptionModel()";"12";"2125091";"2125091";"1190868";"1190868"
"SCRIPT_API";"dw.catalog.Product#getPageDescription()";"1";"18590";"18590";"19";"19"
"SCRIPT_API";"dw.catalog.Product#getPageKeywords()";"1";"14970";"14970";"10";"10"
"SCRIPT_API";"dw.catalog.Product#getPageMetaTags()";"5";"1101761";"1101761";"521551";"521551"
"SCRIPT_API";"dw.catalog.Product#getPageTitle()";"1";"26221";"26221";"0";"0"
"SCRIPT_API";"dw.catalog.Product#getPriceModel()";"100";"43843711";"43843711";"20587848";"20587848"
"SCRIPT_API";"dw.catalog.Product#getPriceModel(dw.catalog.ProductOptionModel)";"11";"2681091";"2681091";"396734";"396734"
"SCRIPT_API";"dw.catalog.Product#getPrimaryCategory()";"17";"1551277";"1551277";"1093406";"1093406"
"SCRIPT_API";"dw.catalog.Product#getProductSetProducts()";"4";"12057347";"12057347";"9798623";"9798623"
"SCRIPT_API";"dw.catalog.Product#getShortDescription()";"2";"48891";"48891";"0";"0"
"SCRIPT_API";"dw.catalog.Product#getStepQuantity()";"5";"201733";"201733";"0";"0"
"SCRIPT_API";"dw.catalog.Product#getTemplate()";"1";"3190";"3190";"90";"90"
"SCRIPT_API";"dw.catalog.Product#getVariationModel()";"21";"1294635";"1294635";"0";"0"
"SCRIPT_API";"dw.catalog.Product#isBundle()";"3";"37120";"37120";"661";"661"
"SCRIPT_API";"dw.catalog.Product#isMaster()";"140";"391280";"391280";"9316";"9316"
"SCRIPT_API";"dw.catalog.Product#isOnline()";"8";"552372";"552372";"0";"0"
"SCRIPT_API";"dw.catalog.Product#isProductSet()";"8";"62121";"62121";"0";"0"
"SCRIPT_API";"dw.catalog.Product#isVariant()";"65";"190314";"190314";"1311";"1311"
"SCRIPT_API";"dw.catalog.Product#isVariationGroup()";"28";"50321";"50321";"385";"385"
"SCRIPT_API";"dw.catalog.ProductAttributeModel#getVisibleAttributeGroups()";"5";"261555";"261555";"45";"45"
"SCRIPT_API";"dw.catalog.ProductAvailabilityLevels#getBackorder()";"11";"154622";"154622";"0";"0"
"SCRIPT_API";"dw.catalog.ProductAvailabilityLevels#getInStock()";"22";"28040";"28040";"588";"588"
"SCRIPT_API";"dw.catalog.ProductAvailabilityLevels#getNotAvailable()";"14";"145573";"145573";"0";"0"
"SCRIPT_API";"dw.catalog.ProductAvailabilityLevels#getPreorder()";"11";"216825";"216825";"115";"115"
"SCRIPT_API";"dw.catalog.ProductAvailabilityModel#getAvailabilityLevels(Number)";"14";"3997594";"3997594";"1776696";"1776696"
"SCRIPT_API";"dw.catalog.ProductAvailabilityModel#getInventoryRecord()";"27";"278983";"278983";"531";"531"
"SCRIPT_API";"dw.catalog.ProductAvailabilityModel#isOrderable(Number)";"17";"1579190";"1579190";"288088";"288088"
"SCRIPT_API";"dw.catalog.ProductInventoryRecord#getATS()";"8";"1112750";"1112750";"0";"0"
"SCRIPT_API";"dw.catalog.ProductInventoryRecord#getInStockDate()";"10";"370896";"370896";"0";"0"
"SCRIPT_API";"dw.catalog.ProductInventoryRecord#isPerpetual()";"8";"42329";"42329";"0";"0"
"SCRIPT_API";"dw.catalog.ProductMgr#getProduct(String)";"113";"2616719";"2616719";"1824";"1824"
"SCRIPT_API";"dw.catalog.ProductOptionModel#getOptions()";"28";"287167";"287167";"1196";"1196"
"SCRIPT_API";"dw.catalog.ProductPriceInfo#getPriceBook()";"197";"241458";"241458";"5785";"5785"
"SCRIPT_API";"dw.catalog.ProductPriceModel#getPrice()";"22";"299356";"299356";"0";"0"
"SCRIPT_API";"dw.catalog.ProductPriceModel#getPrice(dw.value.Quantity)";"6";"783934";"783934";"0";"0"
"SCRIPT_API";"dw.catalog.ProductPriceModel#getPriceBookPrice(String)";"11";"3775131";"3775131";"2227210";"2227210"
"SCRIPT_API";"dw.catalog.ProductPriceModel#getPriceInfo()";"290";"27165761";"27165761";"14343960";"14343960"
"SCRIPT_API";"dw.catalog.ProductPriceModel#getPriceTable()";"11";"2801931";"2801931";"1431270";"1431270"
"SCRIPT_API";"dw.catalog.ProductPriceModel#isPriceRange()";"1";"3830619";"3830619";"2957407";"2957407"
"SCRIPT_API";"dw.catalog.ProductPriceTable#getQuantities()";"11";"73960";"73960";"312";"312"
"SCRIPT_API";"dw.catalog.ProductSearchHit#getDiscountedPromotionIDs()";"93";"8532423";"8532423";"2717";"2717"
"SCRIPT_API";"dw.catalog.ProductSearchHit#getFirstRepresentedProduct()";"93";"8533380";"8533380";"5282990";"5282990"
"SCRIPT_API";"dw.catalog.ProductSearchHit#getFirstRepresentedProductID()";"36";"107483";"107483";"1054";"1054"
"SCRIPT_API";"dw.catalog.ProductSearchHit#getMaxPrice()";"222";"1106657";"1106657";"107723";"107723"
"SCRIPT_API";"dw.catalog.ProductSearchHit#getMinPrice()";"222";"1888929";"1888929";"3320";"3320"
"SCRIPT_API";"dw.catalog.ProductSearchHit#getProduct()";"36";"449784";"449784";"0";"0"
"SCRIPT_API";"dw.catalog.ProductSearchHit#getProductID()";"274";"249382";"249382";"15704";"15704"
"SCRIPT_API";"dw.catalog.ProductSearchHit#getRepresentedVariationValues(Object)";"93";"22846243";"22846243";"11477383";"11477383"
"SCRIPT_API";"dw.catalog.ProductSearchModel#getCategory()";"22";"48132";"48132";"2892";"2892"
"SCRIPT_API";"dw.catalog.ProductSearchModel#getPageMetaTags()";"2";"92991";"92991";"0";"0"
"SCRIPT_API";"dw.catalog.ProductSearchModel#getProductSearchHit(dw.catalog.Product)";"133";"74710484";"74710484";"1390667";"1390667"
"SCRIPT_API";"dw.catalog.ProductSearchModel#getProductSearchHits()";"44";"2524958";"2524958";"0";"0"
"SCRIPT_API";"dw.catalog.ProductSearchModel#getRefinements()";"4";"1201091";"1201091";"0";"0"
"SCRIPT_API";"dw.catalog.ProductSearchModel#getSearchPhraseSuggestions()";"2";"15571";"15571";"0";"0"
"SCRIPT_API";"dw.catalog.ProductSearchModel#isCategorySearch()";"4";"7371";"7371";"241";"241"
"SCRIPT_API";"dw.catalog.ProductSearchModel#isPersonalizedSort()";"1";"5350";"5350";"60";"60"
"SCRIPT_API";"dw.catalog.ProductSearchModel#isRefinedCategorySearch()";"2";"6500";"6500";"49";"49"
"SCRIPT_API";"dw.catalog.ProductSearchModel#search()";"139";"192439295";"192439295";"23174797";"23174797"
"SCRIPT_API";"dw.catalog.ProductSearchModel#setCategoryID(String)";"2";"8671";"8671";"91";"91"
"SCRIPT_API";"dw.catalog.ProductSearchModel#setPriceMax(Number)";"2";"4270";"4270";"0";"0"
"SCRIPT_API";"dw.catalog.ProductSearchModel#setPriceMin(Number)";"2";"6761";"6761";"31";"31"
"SCRIPT_API";"dw.catalog.ProductSearchModel#setRecursiveCategorySearch(Boolean)";"2";"5350";"5350";"1";"1"
"SCRIPT_API";"dw.catalog.ProductSearchModel#urlSortingRule(String,dw.catalog.SortingRule)";"16";"645012";"645012";"241029";"241029"
"SCRIPT_API";"dw.catalog.ProductSearchModel()";"135";"25841695";"25841695";"5567493";"5567493"
"SCRIPT_API";"dw.catalog.ProductVariationAttribute#getAttributeID()";"140";"379868";"379868";"44265";"44265"
"SCRIPT_API";"dw.catalog.ProductVariationAttribute#getDisplayName()";"25";"1576241";"1576241";"5276";"5276"
"SCRIPT_API";"dw.catalog.ProductVariationAttribute#getID()";"59";"97453";"97453";"1960";"1960"
"SCRIPT_API";"dw.catalog.ProductVariationAttributeValue#equals(Object)";"99";"262949";"262949";"2976";"2976"
"SCRIPT_API";"dw.catalog.ProductVariationAttributeValue#getDescription()";"227";"1296706";"1296706";"25027";"25027"
"SCRIPT_API";"dw.catalog.ProductVariationAttributeValue#getDisplayValue()";"275";"2442160";"2442160";"0";"0"
"SCRIPT_API";"dw.catalog.ProductVariationAttributeValue#getID()";"232";"345153";"345153";"16897";"16897"
"SCRIPT_API";"dw.catalog.ProductVariationAttributeValue#getImage(String,Number)";"125";"29519916";"29519916";"10979900";"10979900"
"SCRIPT_API";"dw.catalog.ProductVariationAttributeValue#getImages(String)";"11";"1947726";"1947726";"0";"0"
"SCRIPT_API";"dw.catalog.ProductVariationAttributeValue#getValue()";"357";"2572983";"2572983";"4273";"4273"
"SCRIPT_API";"dw.catalog.ProductVariationModel#getAllValues(dw.catalog.ProductVariationAttribute)";"32";"775653";"775653";"0";"0"
"SCRIPT_API";"dw.catalog.ProductVariationModel#getImages(String)";"10";"3378461";"3378461";"0";"0"
"SCRIPT_API";"dw.catalog.ProductVariationModel#getMaster()";"11";"432599";"432599";"148";"148"
"SCRIPT_API";"dw.catalog.ProductVariationModel#getProductVariationAttributes()";"15";"289086";"289086";"994";"994"
"SCRIPT_API";"dw.catalog.ProductVariationModel#getSelectedValue(dw.catalog.ProductVariationAttribute)";"25";"666053";"666053";"0";"0"
"SCRIPT_API";"dw.catalog.ProductVariationModel#getSelectedVariant()";"16";"124021";"124021";"2121";"2121"
"SCRIPT_API";"dw.catalog.ProductVariationModel#getVariants()";"2";"79291";"79291";"0";"0"
"SCRIPT_API";"dw.catalog.ProductVariationModel#hasOrderableVariants(dw.catalog.ProductVariationAttribute,dw.catalog.ProductVariationAttributeValue)";"102";"13863203";"13863203";"3562104";"3562104"
"SCRIPT_API";"dw.catalog.ProductVariationModel#setSelectedAttributeValue(String,String)";"3";"19960";"19960";"0";"0"
"SCRIPT_API";"dw.catalog.ProductVariationModel#url(String,Object[])";"5";"329236";"329236";"0";"0"
"SCRIPT_API";"dw.catalog.ProductVariationModel#urlSelectVariationValue(String,dw.catalog.ProductVariationAttribute,dw.catalog.ProductVariationAttributeValue)";"69";"2742939";"2742939";"1204";"1204"
"SCRIPT_API";"dw.catalog.ProductVariationModel#urlUnselectVariationValue(String,dw.catalog.ProductVariationAttribute)";"24";"1903637";"1903637";"371803";"371803"
"SCRIPT_API";"dw.catalog.SearchModel#getCount()";"139";"2410211";"2410211";"10998";"10998"
"SCRIPT_API";"dw.catalog.SearchModel#getSearchPhrase()";"2";"4480";"4480";"120";"120"
"SCRIPT_API";"dw.catalog.SearchModel#setSearchPhrase(String)";"137";"717294";"717294";"1310";"1310"
"SCRIPT_API";"dw.catalog.SearchModel#url(String)";"4";"64611";"64611";"0";"0"
"SCRIPT_API";"dw.catalog.SearchRefinements#getRefinementDefinitions()";"2";"32502";"32502";"0";"0"
"SCRIPT_API";"dw.catalog.SortingOption#getDisplayName()";"16";"330136";"330136";"25963";"25963"
"SCRIPT_API";"dw.catalog.SortingOption#getID()";"16";"28900";"28900";"738";"738"
"SCRIPT_API";"dw.catalog.SortingOption#getSortingRule()";"16";"158406";"158406";"0";"0"
"SCRIPT_API";"dw.catalog.SortingRule#getID()";"2";"7590";"7590";"141";"141"
"SCRIPT_API";"dw.catalog.Variant#getBrand()";"46";"523901";"523901";"2447";"2447"
"SCRIPT_API";"dw.catalog.Variant#getLongDescription()";"8";"466330";"466330";"0";"0"
"SCRIPT_API";"dw.catalog.Variant#getMasterProduct()";"10";"32852";"32852";"132";"132"
"SCRIPT_API";"dw.catalog.Variant#getName()";"46";"6622107";"6622107";"2673737";"2673737"
"SCRIPT_API";"dw.catalog.Variant#getPageDescription()";"4";"109642";"109642";"0";"0"
"SCRIPT_API";"dw.catalog.Variant#getPageKeywords()";"4";"91552";"91552";"0";"0"
"SCRIPT_API";"dw.catalog.Variant#getPageTitle()";"4";"172104";"172104";"0";"0"
"SCRIPT_API";"dw.catalog.Variant#getShortDescription()";"8";"263095";"263095";"0";"0"
"SCRIPT_API";"dw.catalog.Variant#getTemplate()";"4";"38351";"38351";"271";"271"
"SCRIPT_API";"dw.content.Content#getID()";"104";"404781";"404781";"1684";"1684"
"SCRIPT_API";"dw.content.Content#getName()";"104";"2401346";"2401346";"0";"0"
"SCRIPT_API";"dw.content.Content#getPageDescription()";"104";"1211234";"1211234";"0";"0"
"SCRIPT_API";"dw.content.Content#getPageKeywords()";"104";"1047841";"1047841";"0";"0"
"SCRIPT_API";"dw.content.Content#getPageMetaTags()";"104";"2725599";"2725599";"0";"0"
"SCRIPT_API";"dw.content.Content#getPageTitle()";"104";"1563805";"1563805";"0";"0"
"SCRIPT_API";"dw.content.Content#getTemplate()";"104";"305036";"305036";"0";"0"
"SCRIPT_API";"dw.content.Content#isOnline()";"140";"13372084";"13372084";"4976325";"4976325"
"SCRIPT_API";"dw.content.ContentMgr#getContent(String)";"162";"5722558";"5722558";"1185876";"1185876"
"SCRIPT_API";"dw.content.MarkupText#getMarkup()";"24";"273814";"273814";"1121";"1121"
"SCRIPT_API";"dw.content.MediaFile#getAbsURL()";"130";"3017156";"3017156";"0";"0"
"SCRIPT_API";"dw.content.MediaFile#getAlt()";"303";"359011";"359011";"15003";"15003"
"SCRIPT_API";"dw.content.MediaFile#getImageURL(Object)";"144";"38732380";"38732380";"8138342";"8138342"
"SCRIPT_API";"dw.content.MediaFile#getTitle()";"255";"283984";"283984";"11494";"11494"
"SCRIPT_API";"dw.content.MediaFile#getURL()";"255";"257173479";"257173479";"186187717";"186187717"
"SCRIPT_API";"dw.content.MediaFile#getUrl()";"8";"3564139";"3564139";"2717669";"2717669"
"SCRIPT_API";"dw.customer.Customer#getProfile()";"36";"199039";"199039";"4626";"4626"
"SCRIPT_API";"dw.experience.Component#getID()";"16";"362636";"362636";"0";"0"
"SCRIPT_API";"dw.experience.Component#getRegion(String)";"80";"594521";"594521";"15363";"15363"
"SCRIPT_API";"dw.experience.Component#getTypeID()";"80";"312004";"312004";"4547";"4547"
"SCRIPT_API";"dw.experience.ComponentRenderSettings#getAttributes()";"48";"613733";"613733";"95980";"95980"
"SCRIPT_API";"dw.experience.ComponentRenderSettings#setAttributes(Object)";"48";"1060973";"1060973";"0";"0"
"SCRIPT_API";"dw.experience.ComponentRenderSettings#setTagName(String)";"88";"290731";"290731";"3636";"3636"
"SCRIPT_API";"dw.experience.ComponentRenderSettings()";"88";"497069";"497069";"1956";"1956"
"SCRIPT_API";"dw.experience.ComponentScriptContext#getComponent()";"96";"515844";"515844";"4659";"4659"
"SCRIPT_API";"dw.experience.ComponentScriptContext#getContent()";"308";"865540";"865540";"23811";"23811"
"SCRIPT_API";"dw.experience.CustomEditor#getConfiguration()";"18";"293296";"293296";"4663";"4663"
"SCRIPT_API";"dw.experience.Page#getID()";"4";"20491";"20491";"600";"600"
"SCRIPT_API";"dw.experience.Page#getPageDescription()";"4";"10890";"10890";"469";"469"
"SCRIPT_API";"dw.experience.Page#getPageKeywords()";"4";"8600";"8600";"160";"160"
"SCRIPT_API";"dw.experience.Page#getPageTitle()";"4";"24371";"24371";"1431";"1431"
"SCRIPT_API";"dw.experience.Page#getRegion(String)";"8";"116273";"116273";"3223";"3223"
"SCRIPT_API";"dw.experience.Page#getTypeID()";"4";"51641";"51641";"1593";"1593"
"SCRIPT_API";"dw.experience.PageMgr#getPage(String)";"9";"2213458";"2213458";"1390276";"1390276"
"SCRIPT_API";"dw.experience.PageMgr#getPageByCategory(dw.catalog.Category,Boolean,String)";"10";"10500299";"10500299";"6165235";"6165235"
"SCRIPT_API";"dw.experience.PageMgr#getPageByProduct(dw.catalog.Product,Boolean,String)";"8";"2554456";"2554456";"1604202";"1604202"
"SCRIPT_API";"dw.experience.PageMgr#renderRegion(dw.experience.Region,dw.experience.RegionRenderSettings)";"88";"2960432284";"129343342";"373922523";"26111547"
"SCRIPT_API";"dw.experience.PageScriptContext#getContent()";"4";"37040";"37040";"640";"640"
"SCRIPT_API";"dw.experience.PageScriptContext#getPage()";"4";"96642";"96642";"632";"632"
"SCRIPT_API";"dw.experience.Region#getSize()";"16";"540422";"540422";"4120";"4120"
"SCRIPT_API";"dw.experience.Region#getVisibleComponents()";"116";"36631060";"36631060";"21250378";"21250378"
"SCRIPT_API";"dw.experience.RegionRenderSettings#getAttributes()";"84";"1076116";"1076116";"6465";"6465"
"SCRIPT_API";"dw.experience.RegionRenderSettings#getComponentRenderSettings(dw.experience.Component)";"36";"594712";"594712";"0";"0"
"SCRIPT_API";"dw.experience.RegionRenderSettings#setAttributes(Object)";"84";"5310943";"5310943";"41221";"41221"
"SCRIPT_API";"dw.experience.RegionRenderSettings#setComponentRenderSettings(dw.experience.Component,dw.experience.ComponentRenderSettings)";"36";"309827";"309827";"250";"250"
"SCRIPT_API";"dw.experience.RegionRenderSettings#setDefaultComponentRenderSettings(dw.experience.ComponentRenderSettings)";"88";"309464";"309464";"3501";"3501"
"SCRIPT_API";"dw.experience.RegionRenderSettings#setTagName(String)";"88";"415697";"415697";"4913";"4913"
"SCRIPT_API";"dw.experience.RegionRenderSettings()";"88";"894599";"894599";"1999";"1999"
"SCRIPT_API";"dw.experience.image.FocalPoint#getX()";"56";"809274";"809274";"44";"44"
"SCRIPT_API";"dw.experience.image.FocalPoint#getY()";"56";"316317";"316317";"555";"555"
"SCRIPT_API";"dw.experience.image.Image#getFile()";"200";"3636828";"3636828";"48671";"48671"
"SCRIPT_API";"dw.experience.image.Image#getFocalPoint()";"112";"530002";"530002";"4666";"4666"
"SCRIPT_API";"dw.io.PrintWriter#print(String)";"8";"303587";"303587";"1525";"1525"
"SCRIPT_API";"dw.object.ExtensibleObject#getCustom()";"960";"4186028";"4186028";"384400";"384400"
"SCRIPT_API";"dw.object.PersistentObject#getUUID()";"247";"718513";"718513";"51790";"51790"
"SCRIPT_API";"dw.order.BasketMgr#getCurrentBasket()";"26";"4113336";"4113336";"1034675";"1034675"
"SCRIPT_API";"dw.order.BasketMgr#getCurrentOrNewBasket()";"2";"54341395";"54341395";"17702815";"17702815"
"SCRIPT_API";"dw.order.LineItem#getLineItemText()";"12";"32871";"32871";"544";"544"
"SCRIPT_API";"dw.order.LineItem#getTaxClassID()";"18";"593519";"593519";"155010";"155010"
"SCRIPT_API";"dw.order.LineItem#getTaxRate()";"12";"44061";"44061";"0";"0"
"SCRIPT_API";"dw.order.LineItem#updateTax(Number)";"6";"3593757";"3593757";"1212990";"1212990"
"SCRIPT_API";"dw.order.LineItemCtnr#createProductLineItem(dw.catalog.Product,dw.catalog.ProductOptionModel,dw.order.Shipment)";"1";"15746015";"15746015";"3375028";"3375028"
"SCRIPT_API";"dw.order.LineItemCtnr#getAdjustedMerchandizeTotalPrice(Boolean)";"13";"394478";"394478";"0";"0"
"SCRIPT_API";"dw.order.LineItemCtnr#getAdjustedShippingTotalPrice()";"5";"102772";"102772";"0";"0"
"SCRIPT_API";"dw.order.LineItemCtnr#getAllLineItems()";"6";"247925";"247925";"0";"0"
"SCRIPT_API";"dw.order.LineItemCtnr#getAllProductLineItems()";"6";"69890";"69890";"0";"0"
"SCRIPT_API";"dw.order.LineItemCtnr#getAllShippingPriceAdjustments()";"3";"20111";"20111";"0";"0"
"SCRIPT_API";"dw.order.LineItemCtnr#getBonusDiscountLineItems()";"11";"178945";"178945";"533";"533"
"SCRIPT_API";"dw.order.LineItemCtnr#getBonusLineItems()";"6";"163742";"163742";"0";"0"
"SCRIPT_API";"dw.order.LineItemCtnr#getCouponLineItems()";"6";"64001";"64001";"352";"352"
"SCRIPT_API";"dw.order.LineItemCtnr#getCurrencyCode()";"1";"5871";"5871";"161";"161"
"SCRIPT_API";"dw.order.LineItemCtnr#getDefaultShipment()";"4";"289517";"289517";"0";"0"
"SCRIPT_API";"dw.order.LineItemCtnr#getGiftCertificateLineItems()";"3";"28513";"28513";"0";"0"
"SCRIPT_API";"dw.order.LineItemCtnr#getMerchandizeTotalPrice()";"5";"216584";"216584";"0";"0"
"SCRIPT_API";"dw.order.LineItemCtnr#getPriceAdjustments()";"8";"79790";"79790";"0";"0"
"SCRIPT_API";"dw.order.LineItemCtnr#getProductLineItems()";"17";"597762";"597762";"432";"432"
"SCRIPT_API";"dw.order.LineItemCtnr#getProductQuantities()";"6";"294605";"294605";"525";"525"
"SCRIPT_API";"dw.order.LineItemCtnr#getShipments()";"13";"193835";"193835";"1395";"1395"
"SCRIPT_API";"dw.order.LineItemCtnr#getShippingPriceAdjustments()";"3";"16810";"16810";"0";"0"
"SCRIPT_API";"dw.order.LineItemCtnr#getShippingTotalPrice()";"8";"324999";"324999";"150959";"150959"
"SCRIPT_API";"dw.order.LineItemCtnr#getTotalGrossPrice()";"3";"21100";"21100";"90";"90"
"SCRIPT_API";"dw.order.LineItemCtnr#getTotalTax()";"3";"15761";"15761";"41";"41"
"SCRIPT_API";"dw.order.LineItemCtnr#updateTotals()";"3";"605881";"605881";"81699";"81699"
"SCRIPT_API";"dw.order.ProductLineItem#getAdjustedPrice()";"6";"117262";"117262";"0";"0"
"SCRIPT_API";"dw.order.ProductLineItem#getBundledProductLineItems()";"1";"39401";"39401";"0";"0"
"SCRIPT_API";"dw.order.ProductLineItem#getOptionProductLineItems()";"18";"464432";"464432";"3498";"3498"
"SCRIPT_API";"dw.order.ProductLineItem#getPriceAdjustments()";"14";"184103";"184103";"1269";"1269"
"SCRIPT_API";"dw.order.ProductLineItem#getProduct()";"49";"2110519";"2110519";"0";"0"
"SCRIPT_API";"dw.order.ProductLineItem#getProductID()";"2";"16010";"16010";"70";"70"
"SCRIPT_API";"dw.order.ProductLineItem#getProductInventoryListID()";"6";"30800";"30800";"251";"251"
"SCRIPT_API";"dw.order.ProductLineItem#getQuantity()";"13";"111214";"111214";"43";"43"
"SCRIPT_API";"dw.order.ProductLineItem#getQuantityValue()";"3";"57121";"57121";"0";"0"
"SCRIPT_API";"dw.order.ProductLineItem#getShipment()";"6";"92621";"92621";"531";"531"
"SCRIPT_API";"dw.order.ProductLineItem#isBonusProductLineItem()";"18";"563468";"563468";"0";"0"
"SCRIPT_API";"dw.order.ProductLineItem#isBundledProductLineItem()";"6";"10620";"10620";"90";"90"
"SCRIPT_API";"dw.order.ProductLineItem#isCatalogProduct()";"6";"26660";"26660";"31";"31"
"SCRIPT_API";"dw.order.ProductLineItem#isGift()";"6";"52082";"52082";"1241";"1241"
"SCRIPT_API";"dw.order.ProductLineItem#isOptionProductLineItem()";"6";"20800";"20800";"161";"161"
"SCRIPT_API";"dw.order.ProductLineItem#setPriceValue(Number)";"6";"403227";"403227";"0";"0"
"SCRIPT_API";"dw.order.ProductLineItem#setQuantityValue(Number)";"2";"992009";"992009";"11536";"11536"
"SCRIPT_API";"dw.order.Shipment#getAllLineItems()";"3";"87323";"87323";"0";"0"
"SCRIPT_API";"dw.order.Shipment#getGiftMessage()";"3";"9070";"9070";"132";"132"
"SCRIPT_API";"dw.order.Shipment#getProductLineItems()";"5";"62682";"62682";"0";"0"
"SCRIPT_API";"dw.order.Shipment#getShippingAddress()";"9";"64890";"64890";"539";"539"
"SCRIPT_API";"dw.order.Shipment#getShippingMethod()";"26";"518440";"518440";"0";"0"
"SCRIPT_API";"dw.order.Shipment#getShippingPriceAdjustments()";"2";"29271";"29271";"451";"451"
"SCRIPT_API";"dw.order.Shipment#isGift()";"3";"33620";"33620";"161";"161"
"SCRIPT_API";"dw.order.Shipment#setShippingMethod(dw.order.ShippingMethod)";"1";"32161";"32161";"241";"241"
"SCRIPT_API";"dw.order.ShipmentShippingCost#getAmount()";"42";"307754";"307754";"1466";"1466"
"SCRIPT_API";"dw.order.ShipmentShippingModel#getApplicableShippingMethods()";"4";"11669569";"11669569";"8040417";"8040417"
"SCRIPT_API";"dw.order.ShipmentShippingModel#getShippingCost(dw.order.ShippingMethod)";"21";"12481569";"12481569";"5339929";"5339929"
"SCRIPT_API";"dw.order.ShippingMethod#getDescription()";"21";"1952864";"1952864";"1112069";"1112069"
"SCRIPT_API";"dw.order.ShippingMethod#getDisplayName()";"21";"2155637";"2155637";"1013461";"1013461"
"SCRIPT_API";"dw.order.ShippingMethod#getID()";"65";"345154";"345154";"9980";"9980"
"SCRIPT_API";"dw.order.ShippingMethod#isDefaultMethod()";"21";"427788";"427788";"2085";"2085"
"SCRIPT_API";"dw.order.ShippingMgr#applyShippingCost(dw.order.LineItemCtnr)";"3";"16799444";"16799444";"7198796";"7198796"
"SCRIPT_API";"dw.order.ShippingMgr#getDefaultShippingMethod()";"1";"3651118";"3651118";"3365558";"3365558"
"SCRIPT_API";"dw.order.ShippingMgr#getShipmentShippingModel(dw.order.Shipment)";"25";"2887553";"2887553";"135315";"135315"
"SCRIPT_API";"dw.order.TaxMgr#getCustomRateTaxClassID()";"6";"14679";"14679";"408";"408"
"SCRIPT_API";"dw.order.TaxMgr#getDefaultTaxJurisdictionID()";"3";"4421001";"4421001";"4129200";"4129200"
"SCRIPT_API";"dw.order.TaxMgr#getTaxRate(String,String)";"6";"10385446";"10385446";"9695342";"9695342"
"SCRIPT_API";"dw.system.HookMgr#callHook(String,String,Object[])";"79";"130832506";"3621167";"51740157";"0"
"SCRIPT_API";"dw.system.HookMgr#hasHook(String)";"1948";"16963557";"16963557";"1625303";"1625303"
"SCRIPT_API";"dw.system.Logger#debug(String,Object[])";"12";"411268";"411268";"0";"0"
"SCRIPT_API";"dw.system.Logger#warn(String,Object[])";"18";"10730982";"10730982";"5393620";"5393620"
"SCRIPT_API";"dw.system.Request#getHttpHeaders()";"1948";"33648590";"33648590";"0";"0"
"SCRIPT_API";"dw.system.Request#getHttpHost()";"2036";"2699990";"2699990";"59380";"59380"
"SCRIPT_API";"dw.system.Request#getHttpMethod()";"1942";"2125268";"2125268";"211920";"211920"
"SCRIPT_API";"dw.system.Request#getHttpParameterMap()";"8";"263604";"263604";"1354";"1354"
"SCRIPT_API";"dw.system.Request#getHttpPath()";"1946";"4145145";"4145145";"15398";"15398"
"SCRIPT_API";"dw.system.Request#getHttpQueryString()";"2874";"4084154";"4084154";"428299";"428299"
"SCRIPT_API";"dw.system.Request#getLocale()";"2137";"2929164";"2929164";"299878";"299878"
"SCRIPT_API";"dw.system.Request#getPageMetaData()";"78";"242226";"242226";"11519";"11519"
"SCRIPT_API";"dw.system.Request#getRequestID()";"93";"278524";"278524";"2840";"2840"
"SCRIPT_API";"dw.system.Request#isHttpSecure()";"1942";"2191820";"2191820";"53784";"53784"
"SCRIPT_API";"dw.system.Request#isIncludeRequest()";"3884";"3421206";"3421206";"310497";"310497"
"SCRIPT_API";"dw.system.Response#getWriter()";"8";"5156855";"5156855";"0";"0"
"SCRIPT_API";"dw.system.Response#setContentType(String)";"8";"785155";"785155";"3130";"3130"
"SCRIPT_API";"dw.system.Response#setExpires(Date)";"407";"1235184";"1235184";"81337";"81337"
"SCRIPT_API";"dw.system.Response#setHttpHeader(String,String)";"3884";"5563519";"5563519";"109966";"109966"
"SCRIPT_API";"dw.system.Response#setStatus(Number)";"4";"20360";"20360";"1060";"1060"
"SCRIPT_API";"dw.system.Response#setVaryBy(String)";"98";"396850";"396850";"2004";"2004"
"SCRIPT_API";"dw.system.Session#getClickStream()";"2";"11140";"11140";"10";"10"
"SCRIPT_API";"dw.system.Session#getCurrency()";"2570";"10616158";"10616158";"0";"0"
"SCRIPT_API";"dw.system.Session#getPrivacy()";"301";"511192";"511192";"29480";"29480"
"SCRIPT_API";"dw.system.Session#setTrackingAllowed(Boolean)";"31";"630943";"630943";"0";"0"
"SCRIPT_API";"dw.system.Site#getAllowedLocales()";"36";"399650";"399650";"0";"0"
"SCRIPT_API";"dw.system.Site#getCalendar()";"1";"60921";"60921";"0";"0"
"SCRIPT_API";"dw.system.Site#getCurrent()";"73";"3233644";"3233644";"20354";"20354"
"SCRIPT_API";"dw.system.Site#getID()";"42";"123670";"123670";"1754";"1754"
"SCRIPT_API";"dw.system.Site#getPageMetaTags()";"9";"4553943";"4553943";"2279325";"2279325"
"SCRIPT_API";"dw.system.Site#getPreferences()";"22";"1150323";"1150323";"474008";"474008"
"SCRIPT_API";"dw.system.Status(Number)";"9";"47621";"47621";"1213";"1213"
"SCRIPT_API";"dw.system.System#getInstanceType()";"34";"158604";"158604";"7509";"7509"
"SCRIPT_API";"dw.system.Transaction#wrap(Function)";"3";"124652020";"8408593";"43186815";"629189"
"SCRIPT_API";"dw.template.ISML#renderTemplate(String,Object)";"364";"2049601028";"73108599";"220839239";"9069190"
"SCRIPT_API";"dw.util.ArrayList()";"101";"531629";"531629";"6868";"6868"
"SCRIPT_API";"dw.util.Calendar#getTime()";"1";"5140";"5140";"119";"119"
"SCRIPT_API";"dw.util.Collection#getLength()";"242";"647641";"647641";"13130";"13130"
"SCRIPT_API";"dw.util.Collection#isEmpty()";"6";"14160";"14160";"111";"111"
"SCRIPT_API";"dw.util.Collection#iterator()";"531";"1710650";"1710650";"549708";"549708"
"SCRIPT_API";"dw.util.Collection#toArray()";"1";"9640";"9640";"0";"0"
"SCRIPT_API";"dw.util.Currency#getCurrencyCode()";"2157";"1545165";"1545165";"92662";"92662"
"SCRIPT_API";"dw.util.Currency#getDefaultFractionDigits()";"2070";"1334283";"1334283";"63204";"63204"
"SCRIPT_API";"dw.util.Currency#getName()";"2070";"1287292";"1287292";"56894";"56894"
"SCRIPT_API";"dw.util.Currency#getSymbol()";"2070";"1305429";"1305429";"60704";"60704"
"SCRIPT_API";"dw.util.Decimal#get()";"116";"344450";"344450";"1340";"1340"
"SCRIPT_API";"dw.util.Decimal#toString()";"116";"367948";"367948";"1435";"1435"
"SCRIPT_API";"dw.util.HashMap()";"372";"1281247";"1281247";"108109";"108109"
"SCRIPT_API";"dw.util.Iterator#hasNext()";"1266";"1906473";"1906473";"119737";"119737"
"SCRIPT_API";"dw.util.Iterator#next()";"880";"2920384";"2920384";"139448";"139448"
"SCRIPT_API";"dw.util.List#get(Number)";"2";"15180";"15180";"31";"31"
"SCRIPT_API";"dw.util.List#indexOf(Object)";"563";"640454";"640454";"32344";"32344"
"SCRIPT_API";"dw.util.List#push(Object[])";"28";"798485";"798485";"2005";"2005"
"SCRIPT_API";"dw.util.List#size()";"97";"312534";"312534";"7800";"7800"
"SCRIPT_API";"dw.util.Locale#getCountry()";"68";"137880";"137880";"2382";"2382"
"SCRIPT_API";"dw.util.Locale#getDisplayCountry()";"68";"374338";"374338";"462";"462"
"SCRIPT_API";"dw.util.Locale#getDisplayLanguage()";"68";"97022";"97022";"704";"704"
"SCRIPT_API";"dw.util.Locale#getDisplayName()";"68";"821109";"821109";"0";"0"
"SCRIPT_API";"dw.util.Locale#getID()";"1062";"807569";"807569";"51034";"51034"
"SCRIPT_API";"dw.util.Locale#getLanguage()";"90";"178345";"178345";"2037";"2037"
"SCRIPT_API";"dw.util.Locale#getLocale(String)";"227";"1029719";"1029719";"0";"0"
"SCRIPT_API";"dw.util.Map#get(Object)";"22";"128911";"128911";"519";"519"
"SCRIPT_API";"dw.util.Map#keySet()";"46";"465383";"465383";"1859";"1859"
"SCRIPT_API";"dw.util.Map#put(Object,Object)";"180";"770441";"770441";"10711";"10711"
"SCRIPT_API";"dw.util.SecureEncoder#forHtmlContent(String)";"2";"23830";"23830";"1630";"1630"
"SCRIPT_API";"dw.util.StringUtils#formatInteger(Number)";"1";"154093";"154093";"0";"0"
"SCRIPT_API";"dw.util.StringUtils#formatMoney(dw.value.Money)";"161";"14248806";"14248806";"0";"0"
"SCRIPT_API";"dw.util.StringUtils#formatNumber(Number,String,String)";"12";"554282";"554282";"0";"0"
"SCRIPT_API";"dw.util.Template#render(dw.util.Map)";"192";"4989241678";"72478075";"583997439";"27062747"
"SCRIPT_API";"dw.util.Template(String)";"192";"1147763";"1147763";"4144";"4144"
"SCRIPT_API";"dw.value.MimeEncodedText#getText()";"192";"639388";"639388";"8357";"8357"
"SCRIPT_API";"dw.value.Money#getCurrencyCode()";"137";"288721";"288721";"37673";"37673"
"SCRIPT_API";"dw.value.Money#getDecimalValue()";"232";"325608";"325608";"13846";"13846"
"SCRIPT_API";"dw.value.Money#getValue()";"423";"383147";"383147";"15986";"15986"
"SCRIPT_API";"dw.value.Money#getValueOrNull()";"117";"398097";"398097";"1311";"1311"
"SCRIPT_API";"dw.value.Money#isAvailable()";"457";"406761";"406761";"23546";"23546"
"SCRIPT_API";"dw.value.Money#subtract(dw.value.Money)";"6";"21990";"21990";"210";"210"
"SCRIPT_API";"dw.value.Money(Number,String)";"21";"481542";"481542";"0";"0"
"SCRIPT_API";"dw.value.Quantity#getValue()";"111";"179993";"179993";"3335";"3335"
"SCRIPT_API";"dw.web.CSRFProtection#generateToken()";"130";"3564141";"3564141";"0";"0"
"SCRIPT_API";"dw.web.CSRFProtection#getTokenName()";"130";"449864";"449864";"31868";"31868"
"SCRIPT_API";"dw.web.CSRFProtection#validateRequest()";"5";"355316";"355316";"885";"885"
"SCRIPT_API";"dw.web.ClickStream#getClicks()";"1";"4421";"4421";"1";"1"
"SCRIPT_API";"dw.web.ClickStream#isPartial()";"1";"2300";"2300";"10";"10"
"SCRIPT_API";"dw.web.ClickStreamEntry#getHost()";"1";"2990";"2990";"40";"40"
"SCRIPT_API";"dw.web.ClickStreamEntry#getLocale()";"1";"2140";"2140";"20";"20"
"SCRIPT_API";"dw.web.ClickStreamEntry#getPath()";"1";"1810";"1810";"40";"40"
"SCRIPT_API";"dw.web.ClickStreamEntry#getPipelineName()";"1";"1640";"1640";"20";"20"
"SCRIPT_API";"dw.web.ClickStreamEntry#getQueryString()";"1";"2431";"2431";"11";"11"
"SCRIPT_API";"dw.web.ClickStreamEntry#getReferer()";"1";"1280";"1280";"30";"30"
"SCRIPT_API";"dw.web.ClickStreamEntry#getRemoteAddress()";"1";"1290";"1290";"20";"20"
"SCRIPT_API";"dw.web.ClickStreamEntry#getTimestamp()";"1";"1940";"1940";"10";"10"
"SCRIPT_API";"dw.web.ClickStreamEntry#getUrl()";"1";"1610";"1610";"20";"20"
"SCRIPT_API";"dw.web.ClickStreamEntry#getUserAgent()";"1";"1210";"1210";"20";"20"
"SCRIPT_API";"dw.web.HttpParameter#getDoubleValue()";"4";"13201";"13201";"271";"271"
"SCRIPT_API";"dw.web.HttpParameter#getRawValue()";"36";"296972";"296972";"157";"157"
"SCRIPT_API";"dw.web.HttpParameterMap#get(Object)";"18";"259895";"259895";"0";"0"
"SCRIPT_API";"dw.web.HttpParameterMap#getParameterNames()";"12";"63402";"63402";"219";"219"
"SCRIPT_API";"dw.web.LoopIterator#getCount()";"204";"282540";"282540";"49309";"49309"
"SCRIPT_API";"dw.web.LoopIterator#getIndex()";"72";"111817";"111817";"6539";"6539"
"SCRIPT_API";"dw.web.LoopIterator#isFirst()";"28";"524357";"524357";"2422";"2422"
"SCRIPT_API";"dw.web.LoopIterator#isLast()";"35";"92052";"92052";"5467";"5467"
"SCRIPT_API";"dw.web.PageMetaData#addPageMetaTags(Array)";"14";"291256";"291256";"656";"656"
"SCRIPT_API";"dw.web.PageMetaData#getDescription()";"78";"76817";"76817";"3431";"3431"
"SCRIPT_API";"dw.web.PageMetaData#getKeywords()";"78";"71160";"71160";"2568";"2568"
"SCRIPT_API";"dw.web.PageMetaData#getPageMetaTags()";"82";"355268";"355268";"0";"0"
"SCRIPT_API";"dw.web.PageMetaData#getTitle()";"78";"119118";"119118";"5684";"5684"
"SCRIPT_API";"dw.web.PageMetaData#setDescription(String)";"4";"219603";"219603";"0";"0"
"SCRIPT_API";"dw.web.PageMetaData#setTitle(String)";"4";"520820";"520820";"0";"0"
"SCRIPT_API";"dw.web.PageMetaTag#getContent()";"27";"40860";"40860";"701";"701"
"SCRIPT_API";"dw.web.PageMetaTag#getID()";"36";"49311";"49311";"1596";"1596"
"SCRIPT_API";"dw.web.PageMetaTag#isName()";"54";"100695";"100695";"3711";"3711"
"SCRIPT_API";"dw.web.PageMetaTag#isProperty()";"9";"50080";"50080";"320";"320"
"SCRIPT_API";"dw.web.PageMetaTag#isTitle()";"27";"63799";"63799";"1131";"1131"
"SCRIPT_API";"dw.web.PagingModel#appendPaging(dw.web.URL)";"2";"18260";"18260";"131";"131"
"SCRIPT_API";"dw.web.PagingModel#getCurrentPage()";"2";"5630";"5630";"200";"200"
"SCRIPT_API";"dw.web.PagingModel#getEnd()";"18";"35601";"35601";"2221";"2221"
"SCRIPT_API";"dw.web.PagingModel#getPageElements()";"2";"14231";"14231";"61";"61"
"SCRIPT_API";"dw.web.PagingModel#setPageSize(Number)";"4";"9180";"9180";"220";"220"
"SCRIPT_API";"dw.web.PagingModel#setStart(Number)";"6";"15608";"15608";"806";"806"
"SCRIPT_API";"dw.web.PagingModel(dw.util.Iterator,Number)";"4";"24951";"24951";"1353";"1353"
"SCRIPT_API";"dw.web.Resource#msg(String,String,String)";"958";"99205112";"99205112";"19106971";"19106971"
"SCRIPT_API";"dw.web.Resource#msgf(String,String,String,Object[])";"358";"37215720";"37215720";"1426580";"1426580"
"SCRIPT_API";"dw.web.URL#append(String,String)";"1";"5260";"5260";"0";"0"
"SCRIPT_API";"dw.web.URL#appendCSRFTokenBM()";"8";"78491";"78491";"351";"351"
"SCRIPT_API";"dw.web.URL#relative()";"160";"961169";"961169";"0";"0"
"SCRIPT_API";"dw.web.URL#toString()";"974";"49539851";"49539851";"13191701";"13191701"
"SCRIPT_API";"dw.web.URLAction(String,String)";"7";"767076";"767076";"0";"0"
"SCRIPT_API";"dw.web.URLUtils#abs(String,String[])";"12";"103891";"103891";"2051";"2051"
"SCRIPT_API";"dw.web.URLUtils#https(String,String[])";"70";"848184";"848184";"18456";"18456"
"SCRIPT_API";"dw.web.URLUtils#https(dw.web.URLAction,dw.web.URLParameter[])";"7";"380637";"380637";"0";"0"
"SCRIPT_API";"dw.web.URLUtils#staticURL(String)";"447";"158667224";"158667224";"110166694";"110166694"
"SCRIPT_API";"dw.web.URLUtils#url(String,String[])";"996";"5018708";"5018708";"76859";"76859"
"SCRIPT_CONTROLLER";"app_storefront_base/cartridge/controllers/Account.js#Header";"30";"125977933";"97862070";"9113413";"8529218"
"SCRIPT_CONTROLLER";"app_storefront_base/cartridge/controllers/Cart.js#AddProduct";"1";"565944753";"128739044";"134301663";"37961074"
"SCRIPT_CONTROLLER";"app_storefront_base/cartridge/controllers/Cart.js#MiniCart";"18";"75586993";"49802593";"1369992";"225401"
"SCRIPT_CONTROLLER";"app_storefront_base/cartridge/controllers/Cart.js#MiniCartShow";"1";"632699111";"16342585";"33387024";"1991673"
"SCRIPT_CONTROLLER";"app_storefront_base/cartridge/controllers/Cart.js#UpdateQuantity";"1";"95726310";"63884828";"17622950";"14245267"
"SCRIPT_CONTROLLER";"app_storefront_base/cartridge/controllers/ConsentTracking.js#Check";"18";"52656581";"30781139";"2669938";"0"
"SCRIPT_CONTROLLER";"app_storefront_base/cartridge/controllers/ConsentTracking.js#GetContent";"5";"15803280";"11826429";"1791";"0"
"SCRIPT_CONTROLLER";"app_storefront_base/cartridge/controllers/ConsentTracking.js#SetConsent";"5";"21771094";"15111131";"3898";"0"
"SCRIPT_CONTROLLER";"app_storefront_base/cartridge/controllers/Default.js#Start";"8";"212308630";"27804798";"69643740";"291058"
"SCRIPT_CONTROLLER";"app_storefront_base/cartridge/controllers/Error.js#Start";"4";"22027044";"4606342";"206627";"0"
"SCRIPT_CONTROLLER";"app_storefront_base/cartridge/controllers/Home.js#Show";"1";"20526987";"4794628";"6921848";"696591"
"SCRIPT_CONTROLLER";"app_storefront_base/cartridge/controllers/Page.js#Include";"117";"359621350";"228050754";"28312236";"3298334"
"SCRIPT_CONTROLLER";"app_storefront_base/cartridge/controllers/Page.js#IncludeHeaderMenu";"18";"197616624";"43677990";"100960567";"438719"
"SCRIPT_CONTROLLER";"app_storefront_base/cartridge/controllers/Page.js#Locale";"36";"113656471";"84605396";"15429195";"13918711"
"SCRIPT_CONTROLLER";"app_storefront_base/cartridge/controllers/PageDesigner.js#CommerceAssets_ProductTile";"20";"540760657";"97215512";"98015060";"3438717"
"SCRIPT_CONTROLLER";"app_storefront_base/cartridge/controllers/PageDesigner.js#CommerceAssets_ShopTheLook";"20";"485882321";"84126799";"71071116";"568174"
"SCRIPT_CONTROLLER";"app_storefront_base/cartridge/controllers/Product.js#Show";"4";"202765408";"43195908";"55330006";"942130"
"SCRIPT_CONTROLLER";"app_storefront_base/cartridge/controllers/Product.js#Variation";"1";"214800967";"28983265";"17705091";"185709"
"SCRIPT_CONTROLLER";"app_storefront_base/cartridge/controllers/ReportingEvent.js#MiniCart";"1";"99018982";"9631831";"7659195";"3622144"
"SCRIPT_CONTROLLER";"app_storefront_base/cartridge/controllers/ReportingEvent.js#Start";"2";"71102580";"4698311";"3464913";"954619"
"SCRIPT_CONTROLLER";"app_storefront_base/cartridge/controllers/Search.js#Refinebar";"1";"10414169";"4483524";"271757";"0"
"SCRIPT_CONTROLLER";"app_storefront_base/cartridge/controllers/Search.js#Show";"1";"64488818";"7448261";"28232270";"0"
"SCRIPT_CONTROLLER";"app_storefront_base/cartridge/controllers/Tile.js#Show";"57";"912793134";"265627765";"175757565";"15257979"
"SCRIPT_CONTROLLER";"plugin_wishlists/cartridge/controllers/Account.js#Header";"6";"210650813";"35882086";"26403585";"3802568"
"SCRIPT_HOOK";"app.experience.editmode#app_storefront_base/cartridge/experience/hooks.js#editmode";"4";"3082917";"3071497";"721529";"721130"
"SCRIPT_HOOK";"dw.order.calculate#app_storefront_base/cartridge/scripts/hooks/cart/calculate.js#calculate";"3";"79033869";"8573341";"27662417";"965083"
"SCRIPT_HOOK";"dw.order.calculateShipping#app_storefront_base/cartridge/scripts/hooks/cart/calculate.js#calculateShipping";"3";"17070240";"246965";"7201890";"2493"
"SCRIPT_HOOK";"dw.order.calculateTax#app_storefront_base/cartridge/scripts/hooks/cart/calculate.js#calculateTax";"3";"28024313";"7901611";"16165758";"970943"
"SF_PAGE";"/Sites-Mailchimp-Site/default/Cart-AddProduct";"1";"580747769";"14803016";"145902121";"11600458"
"SF_PAGE";"/Sites-Mailchimp-Site/default/Cart-MiniCartShow";"1";"633018557";"319446";"33386699";"0"
"SF_PAGE";"/Sites-Mailchimp-Site/default/Cart-UpdateQuantity";"1";"100782964";"5056654";"21160861";"3537911"
"SF_PAGE";"/Sites-Mailchimp-Site/default/Product-Variation";"1";"215481980";"681013";"17704833";"0"
"SF_PAGE";"/Sites-Mailchimp-Site/default/ReportingEvent-MiniCart";"1";"99354788";"335806";"7660350";"1155"
"SF_PAGE";"/Sites-Mailchimp-Site/default/ReportingEvent-Start";"2";"71704830";"602250";"3466111";"1198"
"SF_PAGE";"/Sites-RefArch-Site/-/null-null";"7";"145341898";"5351943";"51898584";"2196183"
"SF_PAGE";"/Sites-RefArch-Site/default/Account-Header";"4";"20038375";"825474";"969556";"461"
"SF_PAGE";"/Sites-RefArch-Site/default/Cart-MiniCart";"2";"10472377";"482679";"525937";"1036"
"SF_PAGE";"/Sites-RefArch-Site/default/ConsentTracking-Check";"2";"9049599";"598821";"633164";"439"
"SF_PAGE";"/Sites-RefArch-Site/default/Page-Include";"12";"43665369";"2584007";"3291633";"4119"
"SF_PAGE";"/Sites-RefArch-Site/default/Page-IncludeHeaderMenu";"2";"14610364";"397997";"4905675";"366"
"SF_PAGE";"/Sites-RefArch-Site/default/Page-Locale";"4";"14915930";"982338";"1069405";"1753"
"SF_PAGE";"/Sites-RefArch-Site/default/PageDesigner-CommerceAssets_ProductTile";"10";"403131674";"2635030";"78394432";"5313"
"SF_PAGE";"/Sites-RefArch-Site/default/PageDesigner-CommerceAssets_ShopTheLook";"10";"400267882";"43302511";"39976135";"275413"
"SF_PAGE";"/Sites-RefArch-Site/default/__SYSTEM__Page-Info";"1";"2975036";"2975036";"727";"727"
"SF_PAGE";"/Sites-RefArch-Site/default/__SYSTEM__Page-Show";"2";"1930481560";"11625837";"271210151";"1365296"
"SF_PAGE";"/Sites-RefArch-Site/default/__SYSTEM__Slot-Render";"2";"2090020";"1007740";"1863";"1056"
"SF_PAGE";"/Sites-RefArch-Site/default/__SYSTEM__Slot-Request";"2";"2482868";"2482868";"313441";"313441"
"SF_PAGE";"/Sites-RefArch-Site/en_US/Account-Header";"26";"112208646";"5443614";"8148745";"4427"
"SF_PAGE";"/Sites-RefArch-Site/en_US/Cart-MiniCart";"13";"52777485";"2373455";"175238";"1270"
"SF_PAGE";"/Sites-RefArch-Site/en_US/ConsentTracking-Check";"13";"34485149";"2623638";"26825";"2543"
"SF_PAGE";"/Sites-RefArch-Site/en_US/ConsentTracking-GetContent";"4";"13650430";"978689";"2799";"1297"
"SF_PAGE";"/Sites-RefArch-Site/en_US/ConsentTracking-SetConsent";"4";"17215409";"1079060";"1757";"0"
"SF_PAGE";"/Sites-RefArch-Site/en_US/Home-Show";"1";"20865904";"338917";"6922145";"297"
"SF_PAGE";"/Sites-RefArch-Site/en_US/Page-Include";"86";"257274798";"16255038";"9289795";"11444"
"SF_PAGE";"/Sites-RefArch-Site/en_US/Page-IncludeHeaderMenu";"13";"149598659";"2333556";"81062871";"3378"
"SF_PAGE";"/Sites-RefArch-Site/en_US/Page-Locale";"26";"81738865";"5188220";"13245447";"6531"
"SF_PAGE";"/Sites-RefArch-Site/en_US/Product-Show";"4";"204182195";"1416787";"55331129";"1123"
"SF_PAGE";"/Sites-RefArch-Site/en_US/Search-Refinebar";"1";"10670233";"256064";"271701";"0"
"SF_PAGE";"/Sites-RefArch-Site/en_US/Search-Show";"1";"64810344";"321526";"28232306";"36"
"SF_PAGE";"/Sites-RefArch-Site/en_US/Tile-Show";"52";"722535988";"13814919";"143390977";"7845"
"SF_PAGE";"/Sites-RefArch-Site/en_US/__SYSTEM__Slot-Render";"58";"250631318";"34520003";"123634249";"1016690"
"SF_PAGE";"/Sites-RefArch-Site/en_US/__SYSTEM__Slot-Request";"66";"135929511";"135929511";"48618521";"48618521"
"SF_PAGE";"/Sites-RefArchGlobal-Site/-/null-null";"1";"73441746";"1123071";"20681330";"739991"
"SF_PAGE";"/Sites-RefArchGlobal-Site/default/Account-Header";"4";"22705437";"1060929";"2851999";"716"
"SF_PAGE";"/Sites-RefArchGlobal-Site/default/Cart-MiniCart";"2";"9706653";"621702";"317415";"240"
"SF_PAGE";"/Sites-RefArchGlobal-Site/default/ConsentTracking-Check";"2";"7782957";"688673";"642447";"702"
"SF_PAGE";"/Sites-RefArchGlobal-Site/default/Page-Include";"12";"45643617";"2787605";"4582519";"2124"
"SF_PAGE";"/Sites-RefArchGlobal-Site/default/Page-IncludeHeaderMenu";"2";"17653562";"390999";"5023842";"468"
"SF_PAGE";"/Sites-RefArchGlobal-Site/default/Page-Locale";"4";"14471990";"1088199";"753180";"157"
"SF_PAGE";"/Sites-RefArchGlobal-Site/default/PageDesigner-CommerceAssets_ProductTile";"10";"143141906";"2877893";"19626687";"746"
"SF_PAGE";"/Sites-RefArchGlobal-Site/default/PageDesigner-CommerceAssets_ShopTheLook";"10";"153920518";"2976524";"31578606";"1585"
"SF_PAGE";"/Sites-RefArchGlobal-Site/default/__SYSTEM__Page-Info";"2";"3584878";"3584878";"1038";"1038"
"SF_PAGE";"/Sites-RefArchGlobal-Site/default/__SYSTEM__Page-Show";"2";"279510760";"5250179";"52311595";"1170998"
"SF_PAGE";"/Sites-RefArchGlobal-Site/default/__SYSTEM__Slot-Render";"2";"2787153";"1450218";"1505";"684"
"SF_PAGE";"/Sites-RefArchGlobal-Site/default/__SYSTEM__Slot-Request";"2";"6418701";"6418701";"2923801";"2923801"
"SF_PAGE";"/Sites-RefArchGlobal-Site/en_GB/Account-Header";"2";"189771618";"765313";"23552254";"0"
"SF_PAGE";"/Sites-RefArchGlobal-Site/en_GB/Cart-MiniCart";"1";"6558352";"450038";"353504";"0"
"SF_PAGE";"/Sites-RefArchGlobal-Site/en_GB/ConsentTracking-Check";"1";"5732587";"482579";"1371134";"0"
"SF_PAGE";"/Sites-RefArchGlobal-Site/en_GB/ConsentTracking-GetContent";"1";"3371652";"240113";"102";"0"
"SF_PAGE";"/Sites-RefArchGlobal-Site/en_GB/ConsentTracking-SetConsent";"1";"5955641";"320896";"983";"95"
"SF_PAGE";"/Sites-RefArchGlobal-Site/en_GB/Page-Include";"7";"36053769";"1389553";"11167854";"1878"
"SF_PAGE";"/Sites-RefArchGlobal-Site/en_GB/Page-IncludeHeaderMenu";"1";"19125695";"249104";"9972285";"0"
"SF_PAGE";"/Sites-RefArchGlobal-Site/en_GB/Page-Locale";"2";"10574486";"786043";"369967";"363"
"SF_PAGE";"/Sites-RefArchGlobal-Site/en_GB/Tile-Show";"5";"205814097";"1742032";"32374551";"118"
"SF_PAGE";"/Sites-RefArchGlobal-Site/en_GB/__SYSTEM__Slot-Render";"6";"46173160";"16554137";"25814261";"9130428"
"SF_PAGE";"/Sites-RefArchGlobal-Site/en_GB/__SYSTEM__Slot-Request";"6";"46676678";"46676678";"31646577";"31646577"
